City_ID,City,Country,Lat,Lng,Date/Time,Max Temp (F),Humidity (%),Wind Speed (mph),Cloud Cover (%)
0,jacareacanga,BR,-6.22,-57.76,Wed Jun 13 09:00:00 2018,89.6,62,6.93,0
1,kaitangata,NZ,-46.28,169.85,Wed Jun 13 09:55:04 2018,42.61,94,5.64,100
2,goulburn,AU,-34.75,149.72,Wed Jun 13 09:51:18 2018,44.32,91,10.11,20
3,lata,IN,30.78,78.62,Wed Jun 13 09:55:05 2018,59.89,89,0.94,76
4,chokurdakh,RU,70.62,147.9,Wed Jun 13 09:55:06 2018,32.17,88,2.95,0
5,martyush,RU,56.4,61.89,Wed Jun 13 09:55:06 2018,55.03,94,9.33,92
6,hobart,AU,-42.88,147.33,Wed Jun 13 09:00:00 2018,44.6,87,8.05,20
7,broken hill,AU,-31.97,141.45,Wed Jun 13 09:55:11 2018,44.5,88,7.31,0
8,harnosand,SE,62.63,17.94,Wed Jun 13 09:20:00 2018,60.8,44,13.87,0
9,tuatapere,NZ,-46.13,167.69,Wed Jun 13 09:55:12 2018,38.92,100,3.4,0
10,puerto ayora,EC,-0.74,-90.35,Wed Jun 13 09:00:00 2018,77.0,69,13.87,90
11,havre-saint-pierre,CA,50.23,-63.6,Wed Jun 13 09:00:00 2018,53.6,58,19.46,75
12,punta arenas,CL,-53.16,-70.91,Wed Jun 13 09:00:00 2018,35.6,100,9.17,0
13,tasiilaq,GL,65.61,-37.64,Wed Jun 13 08:50:00 2018,39.2,60,2.24,75
14,chapais,CA,49.78,-74.86,Wed Jun 13 09:00:00 2018,59.0,38,10.29,40
15,avarua,CK,-21.21,-159.78,Wed Jun 13 09:00:00 2018,73.4,56,10.29,40
16,hofn,IS,64.25,-15.21,Wed Jun 13 09:00:00 2018,51.8,87,8.05,75
17,yukamenskoye,RU,57.89,52.24,Wed Jun 13 09:55:15 2018,56.65,98,10.22,92
18,khandbari,NP,27.38,87.21,Wed Jun 13 09:55:15 2018,44.59,67,1.39,80
19,bethel,US,60.79,-161.76,Wed Jun 13 08:53:00 2018,44.6,93,8.05,1
20,ushuaia,AR,-54.81,-68.31,Wed Jun 13 09:00:00 2018,41.0,64,3.36,75
21,east london,ZA,-33.02,27.91,Wed Jun 13 09:00:00 2018,69.8,37,5.82,0
22,bluff,AU,-23.58,149.07,Wed Jun 13 09:55:21 2018,61.96,76,4.74,76
23,mount isa,AU,-20.73,139.49,Wed Jun 13 09:00:00 2018,64.4,100,3.29,75
24,pevek,RU,69.7,170.27,Wed Jun 13 09:55:21 2018,36.94,71,6.98,0
25,gao,ML,16.28,-0.04,Wed Jun 13 09:55:21 2018,110.02,16,4.97,24
26,cabo san lucas,MX,22.89,-109.91,Wed Jun 13 08:46:00 2018,84.2,74,10.29,75
27,sao filipe,CV,14.9,-24.5,Wed Jun 13 09:55:23 2018,75.73,88,13.02,0
28,tiksi,RU,71.64,128.87,Wed Jun 13 09:54:58 2018,57.73,58,10.11,44
29,busselton,AU,-33.64,115.35,Wed Jun 13 09:55:23 2018,60.43,100,10.56,92
30,alofi,NU,-19.06,-169.92,Wed Jun 13 09:00:00 2018,71.6,88,3.36,76
31,ola,RU,59.58,151.3,Wed Jun 13 09:00:00 2018,42.8,100,7.76,75
32,atar,MR,20.52,-13.05,Wed Jun 13 09:00:00 2018,91.4,19,9.17,20
33,rikitea,PF,-23.12,-134.97,Wed Jun 13 09:55:25 2018,73.57,100,8.66,0
34,hermanus,ZA,-34.42,19.24,Wed Jun 13 09:55:25 2018,77.17,24,8.66,0
35,ponta delgada,PT,37.73,-25.67,Wed Jun 13 09:30:00 2018,71.6,88,12.75,75
36,bambari,CF,5.77,20.68,Wed Jun 13 09:55:26 2018,81.85,84,7.65,24
37,cap malheureux,MU,-19.98,57.61,Wed Jun 13 09:00:00 2018,75.2,69,14.99,75
38,puerto escondido,MX,15.86,-97.07,Wed Jun 13 08:45:00 2018,80.6,65,3.36,75
39,qaanaaq,GL,77.48,-69.36,Wed Jun 13 09:55:30 2018,31.45,100,6.31,32
40,new norfolk,AU,-42.78,147.06,Wed Jun 13 09:00:00 2018,44.6,87,8.05,20
41,najran,SA,17.54,44.22,Wed Jun 13 09:00:00 2018,98.6,13,11.41,40
42,isla mujeres,MX,21.23,-86.73,Wed Jun 13 09:39:00 2018,75.2,100,16.11,90
43,mar del plata,AR,-46.43,-67.52,Wed Jun 13 09:54:57 2018,32.53,100,7.31,0
44,provideniya,RU,64.42,-173.23,Wed Jun 13 09:55:32 2018,40.63,91,10.78,0
45,jamestown,AU,-33.21,138.6,Wed Jun 13 09:55:33 2018,43.15,88,10.89,12
46,medicine hat,CA,50.04,-110.68,Wed Jun 13 09:00:00 2018,66.2,34,14.99,20
47,katsuura,JP,33.93,134.5,Wed Jun 13 09:55:34 2018,62.05,88,7.54,8
48,aklavik,CA,68.22,-135.01,Wed Jun 13 09:00:00 2018,51.8,53,11.41,20
49,tuktoyaktuk,CA,69.44,-133.03,Wed Jun 13 09:00:00 2018,46.4,61,6.93,20
50,kapaa,US,22.08,-159.32,Wed Jun 13 08:56:00 2018,75.2,88,14.99,90
51,mildura,AU,-34.18,142.16,Wed Jun 13 09:55:00 2018,45.67,92,9.66,0
52,souillac,FR,45.6,-0.6,Wed Jun 13 09:30:00 2018,73.4,49,10.29,75
53,lorengau,PG,-2.02,147.27,Wed Jun 13 09:55:36 2018,80.59,100,3.85,100
54,praia,BR,-20.25,-43.81,Wed Jun 13 09:00:00 2018,82.4,47,3.36,20
55,port alfred,ZA,-33.59,26.89,Wed Jun 13 09:55:38 2018,76.54,50,7.2,0
56,barranca,PE,-10.75,-77.76,Wed Jun 13 09:55:39 2018,61.87,98,9.89,0
57,nome,US,30.04,-94.42,Wed Jun 13 09:15:00 2018,87.8,70,3.36,40
58,matay,EG,28.42,30.79,Wed Jun 13 09:55:39 2018,97.69,23,6.98,0
59,saskylakh,RU,71.97,114.09,Wed Jun 13 09:55:39 2018,59.53,55,5.86,48
60,itarema,BR,-2.92,-39.92,Wed Jun 13 09:55:40 2018,88.33,61,12.57,0
61,butaritari,KI,3.07,172.79,Wed Jun 13 09:55:40 2018,81.13,100,7.31,56
62,peniche,PT,39.36,-9.38,Wed Jun 13 09:30:00 2018,75.2,64,12.75,20
63,beloha,MG,-25.17,45.06,Wed Jun 13 09:55:40 2018,71.95,57,16.37,0
64,anadyr,RU,64.73,177.51,Wed Jun 13 09:00:00 2018,48.2,57,4.47,0
65,luderitz,,-26.65,15.16,Wed Jun 13 09:55:42 2018,64.03,64,17.38,12
66,rochester,US,44.02,-92.46,Wed Jun 13 09:16:00 2018,73.4,37,6.93,1
67,bosaso,SO,11.28,49.18,Wed Jun 13 09:55:47 2018,89.77,86,3.96,0
68,faanui,PF,-16.48,-151.75,Wed Jun 13 09:55:47 2018,79.96,100,11.79,0
69,grindavik,IS,63.84,-22.43,Wed Jun 13 09:00:00 2018,48.2,70,5.82,75
70,margate,AU,-43.03,147.26,Wed Jun 13 09:00:00 2018,44.6,87,8.05,20
71,marsh harbour,BS,26.54,-77.06,Wed Jun 13 09:55:49 2018,82.39,95,10.0,88
72,comodoro rivadavia,AR,-45.87,-67.48,Wed Jun 13 09:00:00 2018,42.8,60,9.17,40
73,upernavik,GL,72.79,-56.15,Wed Jun 13 09:55:50 2018,29.29,100,3.74,92
74,uige,AO,-7.61,15.06,Wed Jun 13 09:55:50 2018,86.8,29,3.18,0
75,bredasdorp,ZA,-34.53,20.04,Wed Jun 13 09:00:00 2018,82.4,23,5.82,0
76,bodden town,KY,19.28,-81.25,Wed Jun 13 09:00:00 2018,80.6,78,16.11,40
77,guerrero negro,MX,27.97,-114.04,Wed Jun 13 09:55:50 2018,63.85,88,3.74,44
78,bilma,NE,18.69,12.92,Wed Jun 13 09:55:51 2018,110.47,12,4.63,0
79,carnarvon,ZA,-30.97,22.13,Wed Jun 13 09:55:51 2018,60.43,30,14.25,0
80,ponta do sol,BR,-20.63,-46.0,Wed Jun 13 09:55:52 2018,78.25,72,3.96,12
81,vila franca do campo,PT,37.72,-25.43,Wed Jun 13 09:30:00 2018,71.6,88,12.75,75
82,puerto del rosario,ES,28.5,-13.86,Wed Jun 13 09:30:00 2018,73.4,60,17.22,20
83,sitka,US,37.17,-99.65,Wed Jun 13 09:55:53 2018,74.02,92,5.97,20
84,camacha,PT,33.08,-16.33,Wed Jun 13 09:30:00 2018,68.0,72,16.11,75
85,saint-philippe,CA,45.36,-73.48,Wed Jun 13 09:15:00 2018,78.8,54,11.41,1
86,port blair,IN,11.67,92.75,Wed Jun 13 09:55:57 2018,84.37,97,25.1,92
87,albany,US,42.65,-73.75,Wed Jun 13 09:31:00 2018,69.8,68,3.36,90
88,barrow,AR,-38.31,-60.23,Wed Jun 13 09:53:02 2018,50.26,72,8.21,88
89,qorveh,IR,35.17,47.8,Wed Jun 13 09:55:57 2018,76.72,22,3.18,92
90,san jeronimo,PE,-13.65,-73.37,Wed Jun 13 09:00:00 2018,46.4,81,2.39,90
91,mataura,NZ,-46.19,168.86,Wed Jun 13 09:54:59 2018,25.69,79,3.18,24
92,buala,SB,-8.15,159.59,Wed Jun 13 09:55:59 2018,78.7,100,4.18,64
93,eyl,SO,7.98,49.82,Wed Jun 13 09:55:59 2018,86.62,57,22.41,20
94,abu dhabi,AE,24.47,54.37,Wed Jun 13 09:00:00 2018,98.6,29,16.11,0
95,tahe,CN,52.34,124.71,Wed Jun 13 09:55:59 2018,51.43,98,2.17,92
96,chuy,UY,-33.69,-53.46,Wed Jun 13 09:51:39 2018,52.87,93,28.9,80
97,dzerzhinskoye,RU,56.84,95.22,Wed Jun 13 09:56:00 2018,65.11,69,3.85,8
98,vanavara,RU,60.35,102.28,Wed Jun 13 09:56:00 2018,64.21,50,5.64,0
99,muros,ES,42.77,-9.06,Wed Jun 13 09:30:00 2018,66.2,72,10.29,40
100,auchel,FR,50.51,2.47,Wed Jun 13 09:30:00 2018,68.0,49,3.36,0
101,bubaque,GW,11.28,-15.83,Wed Jun 13 09:00:00 2018,91.4,55,11.41,40
102,khatanga,RU,71.98,102.47,Wed Jun 13 09:56:01 2018,60.97,65,4.63,8
103,los banos,US,37.06,-120.85,Wed Jun 13 09:35:00 2018,75.2,67,4.74,1
104,labuhan,ID,-2.54,115.51,Wed Jun 13 09:56:01 2018,72.94,95,1.83,12
105,saint-paul,FR,45.22,1.9,Wed Jun 13 09:30:00 2018,68.0,56,14.99,75
106,petatlan,MX,17.52,-101.27,Wed Jun 13 08:47:00 2018,84.2,74,1.83,90
107,baykit,RU,61.68,96.39,Wed Jun 13 09:56:06 2018,63.94,68,4.29,36
108,dalby,AU,-27.18,151.26,Wed Jun 13 09:00:00 2018,53.6,93,2.24,75
109,yellowknife,CA,62.45,-114.38,Wed Jun 13 09:09:00 2018,46.4,93,8.05,90
110,hilo,US,19.71,-155.08,Wed Jun 13 08:53:00 2018,66.2,88,5.82,75
111,turukhansk,RU,65.8,87.96,Wed Jun 13 09:54:57 2018,66.37,76,6.42,36
112,dingle,PH,11.0,122.67,Wed Jun 13 09:56:08 2018,79.96,82,8.21,68
113,dillon,US,45.22,-112.64,Wed Jun 13 08:53:00 2018,57.2,44,5.82,1
114,labytnangi,RU,66.66,66.39,Wed Jun 13 09:56:10 2018,47.11,75,17.49,64
115,gigmoto,PH,13.78,124.39,Wed Jun 13 09:56:10 2018,83.56,98,17.6,36
116,nouakchott,MR,18.08,-15.98,Wed Jun 13 09:56:11 2018,76.72,76,1.39,68
117,rumoi,JP,43.93,141.67,Wed Jun 13 09:56:11 2018,44.41,100,8.1,92
118,dikson,RU,73.51,80.55,Wed Jun 13 09:56:13 2018,31.09,100,13.13,32
119,chinsali,ZM,-10.55,32.07,Wed Jun 13 09:56:17 2018,73.39,36,9.22,0
120,georgetown,GY,6.8,-58.16,Wed Jun 13 09:00:00 2018,82.4,78,9.17,75
121,tooele,US,40.53,-112.3,Wed Jun 13 09:15:00 2018,73.4,35,9.17,1
122,nikolskoye,RU,59.7,30.79,Wed Jun 13 09:00:00 2018,60.8,41,4.47,40
123,bodo,CI,5.91,-4.68,Wed Jun 13 09:56:19 2018,87.7,66,8.21,80
124,minador do negrao,BR,-9.31,-36.86,Wed Jun 13 09:56:19 2018,76.81,80,13.24,32
125,sambava,MG,-14.27,50.17,Wed Jun 13 09:56:19 2018,77.35,100,19.73,88
126,yerbogachen,RU,61.28,108.01,Wed Jun 13 09:56:20 2018,64.93,44,7.43,0
127,kahului,US,20.89,-156.47,Wed Jun 13 08:56:00 2018,66.2,93,3.36,1
128,clyde river,CA,70.47,-68.59,Wed Jun 13 09:11:00 2018,35.6,100,21.92,75
129,ancud,CL,-41.87,-73.83,Wed Jun 13 09:56:21 2018,39.1,90,2.73,20
130,beringovskiy,RU,63.05,179.32,Wed Jun 13 09:56:21 2018,39.37,88,3.4,0
131,majene,ID,-3.54,118.97,Wed Jun 13 09:56:22 2018,81.85,100,11.01,32
132,ahar,IR,38.48,47.07,Wed Jun 13 09:56:22 2018,62.77,62,3.74,36
133,ilhabela,BR,-23.78,-45.36,Wed Jun 13 09:56:22 2018,72.85,98,2.28,80
134,listvyagi,RU,53.68,86.95,Wed Jun 13 09:56:22 2018,65.11,78,2.06,0
135,skjervoy,NO,70.03,20.97,Wed Jun 13 09:20:00 2018,44.6,65,10.29,40
136,cape town,ZA,-33.93,18.42,Wed Jun 13 09:00:00 2018,73.4,35,9.17,0
137,iqaluit,CA,63.75,-68.52,Wed Jun 13 09:00:00 2018,35.6,96,20.8,90
138,fort-shevchenko,KZ,44.51,50.26,Wed Jun 13 09:56:27 2018,74.2,59,3.62,0
139,severo-kurilsk,RU,50.68,156.12,Wed Jun 13 09:56:27 2018,38.02,100,16.26,92
140,arraial do cabo,BR,-22.97,-42.02,Wed Jun 13 10:00:00 2018,80.6,65,4.7,0
141,torbay,CA,47.66,-52.73,Wed Jun 13 09:26:00 2018,50.0,93,19.46,90
142,ahipara,NZ,-35.17,173.16,Wed Jun 13 09:56:28 2018,56.65,91,9.66,88
143,bandarbeyla,SO,9.49,50.81,Wed Jun 13 09:56:29 2018,79.15,79,32.93,0
144,vuktyl,RU,63.86,57.31,Wed Jun 13 09:56:29 2018,52.6,96,7.43,92
145,caravelas,BR,-17.73,-39.27,Wed Jun 13 09:56:30 2018,77.62,98,10.45,0
146,waipawa,NZ,-39.94,176.59,Wed Jun 13 09:56:30 2018,50.89,94,9.44,92
147,khomutovo,RU,52.85,37.45,Wed Jun 13 09:56:30 2018,72.31,65,5.97,0
148,acajutla,SV,13.59,-89.83,Wed Jun 13 08:50:00 2018,84.2,79,1.12,40
149,buritis,BR,-15.62,-46.42,Wed Jun 13 09:56:31 2018,83.74,53,6.87,0
150,meulaboh,ID,4.14,96.13,Wed Jun 13 09:56:32 2018,82.03,100,3.4,48
151,vaini,IN,15.34,74.49,Wed Jun 13 09:56:32 2018,70.42,98,4.29,100
152,teya,MX,21.05,-89.07,Wed Jun 13 08:50:00 2018,86.0,66,13.87,75
153,bambous virieux,MU,-20.34,57.76,Wed Jun 13 09:00:00 2018,75.2,69,14.99,75
154,zaragoza,ES,41.65,-0.88,Wed Jun 13 09:30:00 2018,77.0,49,28.86,20
155,thompson,CA,55.74,-97.86,Wed Jun 13 09:10:00 2018,57.2,76,3.36,75
156,kodiak,US,39.95,-94.76,Wed Jun 13 08:53:00 2018,75.2,50,13.87,1
157,nsanje,MZ,-16.92,35.26,Wed Jun 13 09:56:37 2018,70.33,84,4.18,92
158,the pas,CA,53.82,-101.24,Wed Jun 13 09:00:00 2018,60.8,63,10.29,1
159,masalli,KR,34.8,126.66,Wed Jun 13 09:00:00 2018,68.0,77,9.17,12
160,talnakh,RU,69.49,88.39,Wed Jun 13 09:56:38 2018,42.79,100,3.18,20
161,ilulissat,GL,69.22,-51.1,Wed Jun 13 08:50:00 2018,32.0,97,4.7,90
162,vallenar,CL,-28.58,-70.76,Wed Jun 13 09:56:39 2018,54.4,56,1.28,0
163,cap-aux-meules,CA,47.38,-61.86,Wed Jun 13 09:00:00 2018,51.8,62,20.8,40
164,san quintin,PH,17.54,120.52,Wed Jun 13 09:00:00 2018,77.0,100,13.87,90
165,victoria,BN,5.28,115.24,Wed Jun 13 09:00:00 2018,80.6,94,1.12,75
166,okhotsk,RU,59.36,143.24,Wed Jun 13 09:56:40 2018,38.02,100,2.17,12
167,bonavista,CA,48.65,-53.11,Wed Jun 13 09:56:41 2018,46.57,82,22.97,92
168,manokwari,ID,-0.87,134.08,Wed Jun 13 09:56:41 2018,78.07,100,8.1,80
169,lebu,ET,8.96,38.73,Wed Jun 13 09:56:44 2018,55.3,100,0.72,92
170,qostanay,KZ,53.17,63.58,Wed Jun 13 09:00:00 2018,59.0,54,6.71,75
171,victor harbor,AU,-35.55,138.62,Wed Jun 13 09:00:00 2018,55.4,82,17.22,75
172,kamenka,RU,53.19,44.05,Wed Jun 13 09:56:45 2018,61.6,98,9.44,12
173,cherskiy,RU,68.75,161.3,Wed Jun 13 09:56:45 2018,55.21,48,3.18,8
174,kimbe,PG,-5.56,150.15,Wed Jun 13 09:56:45 2018,78.43,100,6.64,92
175,guba,PH,10.43,123.89,Wed Jun 13 09:00:00 2018,84.2,74,8.05,75
176,inuvik,CA,68.36,-133.71,Wed Jun 13 09:00:00 2018,51.8,53,3.36,40
177,jiazi,CN,19.61,110.49,Wed Jun 13 09:00:00 2018,82.4,78,4.47,20
178,namatanai,PG,-3.66,152.44,Wed Jun 13 09:56:47 2018,78.07,100,11.68,76
179,port elizabeth,US,39.31,-74.98,Wed Jun 13 09:25:00 2018,75.2,83,9.17,90
180,chilca,PE,-13.22,-72.34,Wed Jun 13 09:30:00 2018,55.4,47,3.36,75
181,tual,ID,-5.67,132.75,Wed Jun 13 09:56:48 2018,79.78,100,12.12,68
182,puerto colombia,CO,10.99,-74.96,Wed Jun 13 09:00:00 2018,87.8,74,6.93,40
183,muzhi,RU,65.4,64.7,Wed Jun 13 09:56:49 2018,55.57,63,10.67,0
184,tabuk,PH,17.41,121.44,Wed Jun 13 09:56:53 2018,72.4,86,1.83,92
185,palauig,PH,15.44,119.9,Wed Jun 13 09:56:53 2018,74.11,100,10.67,92
186,komsomolskiy,RU,67.55,63.78,Wed Jun 13 09:56:53 2018,37.39,84,9.22,0
187,atuona,PF,-9.8,-139.03,Wed Jun 13 09:54:58 2018,79.6,100,12.91,44
188,sinnamary,GF,5.38,-52.96,Wed Jun 13 09:56:54 2018,75.19,100,3.4,92
189,kavieng,PG,-2.57,150.8,Wed Jun 13 09:56:54 2018,78.97,100,5.41,92
190,moron,VE,10.49,-68.2,Wed Jun 13 09:56:55 2018,81.67,70,3.06,0
191,fortuna,ES,38.18,-1.13,Wed Jun 13 09:30:00 2018,86.0,64,12.75,20
192,pangnirtung,CA,66.15,-65.72,Wed Jun 13 09:00:00 2018,35.6,93,4.7,90
193,paamiut,GL,61.99,-49.67,Wed Jun 13 09:56:56 2018,35.32,100,12.46,68
194,juegang,CN,32.31,121.18,Wed Jun 13 09:56:57 2018,75.28,76,16.6,36
195,kiama,AU,-34.67,150.86,Wed Jun 13 09:56:58 2018,50.44,86,6.87,0
196,yamada,JP,36.58,137.08,Wed Jun 13 09:00:00 2018,60.8,72,14.99,20
197,russell,AR,-33.01,-68.8,Wed Jun 13 09:00:00 2018,42.8,48,3.36,0
198,port hawkesbury,CA,45.62,-61.36,Wed Jun 13 09:00:00 2018,64.4,63,16.11,1
199,naze,NG,5.43,7.07,Wed Jun 13 09:00:00 2018,89.6,62,9.17,75
200,namibe,AO,-15.19,12.15,Wed Jun 13 09:56:59 2018,74.02,89,17.49,0
201,lodja,CD,-3.52,23.6,Wed Jun 13 09:56:59 2018,94.36,20,4.97,0
202,basco,US,40.33,-91.2,Wed Jun 13 09:35:00 2018,77.0,44,13.87,1
203,suleja,NG,9.18,7.18,Wed Jun 13 09:57:00 2018,87.34,74,2.95,20
204,tazovskiy,RU,67.47,78.7,Wed Jun 13 09:57:00 2018,67.72,60,14.81,12
205,waterloo,CA,43.47,-80.52,Wed Jun 13 09:00:00 2018,75.2,78,12.75,75
206,kruisfontein,ZA,-34.0,24.73,Wed Jun 13 09:57:01 2018,75.82,47,8.43,0
207,hithadhoo,MV,-0.6,73.08,Wed Jun 13 09:57:01 2018,83.65,100,6.42,12
208,aqtobe,KZ,50.28,57.21,Wed Jun 13 09:00:00 2018,71.6,24,6.71,0
209,trinidad,UY,-33.52,-56.9,Wed Jun 13 09:00:00 2018,50.0,76,17.22,75
210,jasper,US,33.83,-87.28,Wed Jun 13 09:35:00 2018,78.8,83,5.19,12
211,tempio pausania,IT,40.9,9.1,Wed Jun 13 09:30:00 2018,69.8,77,11.41,40
212,kununurra,AU,-15.77,128.74,Wed Jun 13 09:00:00 2018,73.4,73,5.82,75
213,zhob,PK,31.34,69.45,Wed Jun 13 09:57:03 2018,80.95,10,5.64,0
214,los llanos de aridane,ES,28.66,-17.92,Wed Jun 13 09:30:00 2018,73.4,60,12.75,20
215,nohar,IN,29.18,74.77,Wed Jun 13 09:57:03 2018,98.5,22,9.55,0
216,sainte-suzanne,CH,47.51,6.77,Wed Jun 13 09:30:00 2018,66.2,48,10.29,76
217,crotone,IT,39.09,17.12,Wed Jun 13 08:50:00 2018,82.4,42,23.04,0
218,gambela,ET,8.25,34.59,Wed Jun 13 09:57:04 2018,68.62,94,2.95,92
219,kavaratti,IN,10.57,72.64,Wed Jun 13 09:57:04 2018,81.67,100,22.64,80
220,ust-ilimsk,RU,57.96,102.73,Wed Jun 13 09:57:05 2018,60.61,87,1.95,12
221,leo,BF,11.1,-2.1,Wed Jun 13 09:57:09 2018,94.72,66,4.63,0
222,totolapan,MX,18.99,-98.92,Wed Jun 13 09:14:00 2018,59.0,77,5.82,75
223,funtua,NG,11.52,7.31,Wed Jun 13 09:57:09 2018,90.67,50,2.17,44
224,salalah,OM,17.01,54.1,Wed Jun 13 08:50:00 2018,84.2,89,10.29,75
225,burnie,AU,-41.05,145.91,Wed Jun 13 09:57:10 2018,51.88,100,21.07,92
226,boulder city,US,35.98,-114.83,Wed Jun 13 09:15:00 2018,89.6,11,3.51,1
227,massakory,TD,13.0,15.73,Wed Jun 13 09:57:11 2018,100.21,46,6.98,0
228,arlit,NE,18.74,7.39,Wed Jun 13 09:57:12 2018,110.92,14,4.74,0
229,zhigansk,RU,66.77,123.37,Wed Jun 13 09:57:12 2018,56.83,56,4.97,0
230,florianopolis,BR,-27.6,-48.55,Wed Jun 13 09:00:00 2018,69.8,64,3.36,40
231,lavrentiya,RU,65.58,-170.99,Wed Jun 13 09:57:12 2018,35.95,76,8.43,0
232,bluefield,US,37.27,-81.22,Wed Jun 13 09:15:00 2018,78.8,78,11.41,90
233,te anau,NZ,-45.41,167.72,Wed Jun 13 09:57:13 2018,27.22,80,2.84,8
234,marawi,PH,8.0,124.29,Wed Jun 13 09:57:13 2018,66.73,99,2.28,44
235,amapa,HN,15.09,-87.97,Wed Jun 13 10:00:00 2018,84.2,83,4.7,75
236,palmer,AU,-34.85,139.16,Wed Jun 13 09:00:00 2018,55.4,82,17.22,75
237,cidreira,BR,-30.17,-50.22,Wed Jun 13 09:57:14 2018,51.97,81,26.33,0
238,saint-pierre,FR,48.95,4.24,Wed Jun 13 09:30:00 2018,66.2,67,12.75,90
239,aykhal,RU,65.95,111.51,Wed Jun 13 09:57:19 2018,62.23,57,4.74,32
240,ondangwa,,-17.91,15.98,Wed Jun 13 09:00:00 2018,84.2,13,2.24,0
241,pitimbu,BR,-7.47,-34.81,Wed Jun 13 09:00:00 2018,84.2,54,17.22,40
242,grandview,US,38.89,-94.53,Wed Jun 13 09:55:00 2018,80.6,65,10.29,1
243,williston,US,48.15,-103.62,Wed Jun 13 09:15:00 2018,71.6,36,8.05,1
244,maniitsoq,GL,65.42,-52.9,Wed Jun 13 09:57:22 2018,36.31,97,5.53,68
245,krasnyy yar,RU,50.7,44.73,Wed Jun 13 09:57:23 2018,64.03,86,8.21,92
246,nouadhibou,MR,20.93,-17.03,Wed Jun 13 09:00:00 2018,80.6,47,14.99,20
247,buritama,BR,-21.07,-50.14,Wed Jun 13 09:57:24 2018,75.1,95,6.31,68
248,longyearbyen,NO,78.22,15.63,Wed Jun 13 08:50:00 2018,33.8,86,18.34,90
249,lasa,CY,34.92,32.53,Wed Jun 13 09:30:00 2018,80.6,74,6.93,20
250,college,US,64.86,-147.8,Wed Jun 13 08:58:00 2018,42.8,75,3.36,1
251,ust-tsilma,RU,65.44,52.15,Wed Jun 13 09:57:25 2018,54.4,84,3.62,12
252,saint-augustin,FR,44.83,-0.61,Wed Jun 13 09:30:00 2018,69.8,82,12.75,64
253,berlevag,NO,70.86,29.09,Wed Jun 13 08:50:00 2018,42.8,70,13.87,75
254,havoysund,NO,71.0,24.66,Wed Jun 13 09:20:00 2018,42.8,87,13.87,75
255,kamina,CD,-8.74,25.0,Wed Jun 13 09:57:30 2018,85.0,23,7.99,0
256,yaan,NG,7.38,8.57,Wed Jun 13 09:57:30 2018,85.9,100,7.09,48
257,makakilo city,US,21.35,-158.09,Wed Jun 13 08:57:00 2018,77.0,83,4.7,1
258,along,IN,28.17,94.8,Wed Jun 13 09:57:30 2018,68.89,98,1.5,100
259,vanimo,PG,-2.67,141.3,Wed Jun 13 09:57:31 2018,83.65,100,4.29,88
260,hovd,NO,63.83,10.7,Wed Jun 13 09:20:00 2018,62.6,48,4.7,75
261,la maddalena,IT,39.15,9.02,Wed Jun 13 09:20:00 2018,75.2,57,17.22,40
262,grand gaube,MU,-20.01,57.66,Wed Jun 13 09:00:00 2018,75.2,69,14.99,75
263,novoagansk,RU,61.94,76.66,Wed Jun 13 09:57:33 2018,67.81,37,8.43,20
264,kearney,US,40.7,-99.08,Wed Jun 13 09:15:00 2018,71.6,64,14.99,90
265,geraldton,CA,49.72,-86.95,Wed Jun 13 09:00:00 2018,62.6,63,8.05,75
266,castro,CL,-42.48,-73.76,Wed Jun 13 09:57:34 2018,39.73,99,2.73,0
267,luganville,VU,-15.51,167.18,Wed Jun 13 09:57:35 2018,75.19,100,4.85,92
268,mahebourg,MU,-20.41,57.7,Wed Jun 13 09:00:00 2018,75.2,69,14.99,75
269,vostok,RU,46.45,135.83,Wed Jun 13 09:57:35 2018,45.04,83,1.95,44
270,esperance,TT,10.24,-61.45,Wed Jun 13 09:00:00 2018,80.6,88,12.75,75
271,fare,PF,-16.7,-151.02,Wed Jun 13 09:57:36 2018,79.42,100,13.91,0
272,toora-khem,RU,52.47,96.11,Wed Jun 13 09:57:36 2018,57.82,83,2.84,92
273,santa rita,VE,10.21,-67.56,Wed Jun 13 09:57:38 2018,83.65,64,2.73,36
274,west bay,GB,50.71,-2.76,Wed Jun 13 09:20:00 2018,68.0,77,12.75,40
275,gamba,CN,28.28,88.52,Wed Jun 13 09:57:39 2018,32.35,91,2.28,92
276,rudnya,RU,50.8,44.56,Wed Jun 13 09:57:39 2018,63.31,88,7.65,92
277,norman wells,CA,65.28,-126.83,Wed Jun 13 09:00:00 2018,44.6,65,5.82,90
278,salinas,US,36.67,-121.66,Wed Jun 13 09:35:00 2018,60.8,67,3.62,1
279,ugoofaaru,MV,5.67,73.0,Wed Jun 13 09:57:41 2018,82.93,100,8.77,80
280,kiunga,PG,-6.12,141.3,Wed Jun 13 09:57:44 2018,74.29,94,2.06,88
281,koumac,NC,-20.56,164.28,Wed Jun 13 09:57:45 2018,67.9,96,4.07,76
282,adre,TD,13.47,22.2,Wed Jun 13 09:57:45 2018,103.27,16,8.66,20
283,ahtopol,BG,42.1,27.94,Wed Jun 13 09:30:00 2018,77.0,57,13.87,0
284,slantsy,RU,59.12,28.09,Wed Jun 13 09:57:46 2018,62.5,55,4.18,0
285,mallaig,GB,57.01,-5.83,Wed Jun 13 09:57:46 2018,53.95,99,24.09,92
286,auch,FR,43.65,0.59,Wed Jun 13 09:30:00 2018,73.4,56,10.29,40
287,pathein,MM,16.78,94.73,Wed Jun 13 09:57:47 2018,76.9,96,14.81,92
288,maceio,BR,-9.67,-35.74,Wed Jun 13 10:00:00 2018,75.2,88,6.93,75
289,oloron-sainte-marie,FR,43.19,-0.61,Wed Jun 13 09:30:00 2018,68.0,93,11.41,88
290,isangel,VU,-19.55,169.27,Wed Jun 13 09:57:48 2018,74.2,100,14.36,68
291,manglaur,IN,29.79,77.88,Wed Jun 13 09:57:48 2018,82.57,64,2.39,0
292,wenling,CN,28.38,121.38,Wed Jun 13 09:57:48 2018,74.56,95,3.96,92
293,pak phanang,TH,8.35,100.2,Wed Jun 13 09:57:49 2018,85.99,93,10.22,48
294,aksay,RU,47.27,39.86,Wed Jun 13 09:57:49 2018,87.43,21,3.74,0
295,baghdad,IQ,33.3,44.38,Wed Jun 13 09:00:00 2018,104.0,14,4.7,0
296,fort nelson,CA,58.81,-122.69,Wed Jun 13 09:00:00 2018,41.0,86,9.17,90
297,fuerte olimpo,BR,-21.04,-57.87,Wed Jun 13 09:57:50 2018,60.97,75,12.8,92
298,bandarban,BD,22.2,92.22,Wed Jun 13 09:00:00 2018,80.6,94,13.87,90
299,mao,DO,19.55,-71.08,Wed Jun 13 09:00:00 2018,89.6,62,12.75,40
300,christchurch,NZ,-43.53,172.64,Wed Jun 13 09:30:00 2018,48.2,93,8.05,100
301,goderich,CA,43.74,-81.71,Wed Jun 13 09:57:15 2018,68.17,88,11.45,32
302,kizema,RU,61.11,44.83,Wed Jun 13 09:57:56 2018,53.86,66,18.39,56
303,quatre cocos,MU,-20.21,57.76,Wed Jun 13 09:00:00 2018,75.2,69,14.99,75
304,kalur kot,PK,32.16,71.27,Wed Jun 13 09:57:56 2018,91.03,41,1.95,44
305,singaraja,ID,-8.11,115.08,Wed Jun 13 09:57:56 2018,66.73,100,1.95,64
306,coquimbo,CL,-29.95,-71.34,Wed Jun 13 09:00:00 2018,53.6,62,8.05,0
307,urengoy,RU,65.96,78.37,Wed Jun 13 09:57:57 2018,69.25,59,12.24,12
308,yaypan,UZ,40.38,70.82,Wed Jun 13 09:57:57 2018,76.54,43,3.62,24
309,seoul,KR,37.57,126.98,Wed Jun 13 09:00:00 2018,71.6,68,3.36,75
310,acopiara,BR,-6.09,-39.45,Wed Jun 13 09:57:57 2018,83.2,51,11.23,0
311,warrnambool,AU,-38.38,142.48,Wed Jun 13 09:56:03 2018,51.43,100,17.72,76
312,phan thiet,VN,10.93,108.1,Wed Jun 13 09:57:58 2018,78.61,100,10.0,36
313,ilebo,CD,-4.33,20.59,Wed Jun 13 09:57:58 2018,94.72,22,5.19,12
314,kijang,KR,35.24,129.21,Wed Jun 13 09:00:00 2018,68.0,72,13.87,40
315,krasnogorsk,RU,55.82,37.34,Wed Jun 13 09:00:00 2018,69.8,59,13.42,75
316,husavik,CA,50.56,-96.99,Wed Jun 13 09:57:59 2018,67.27,72,7.31,44
317,araouane,ML,18.9,-3.53,Wed Jun 13 09:57:59 2018,111.46,15,5.75,0
318,tilichiki,RU,60.47,166.1,Wed Jun 13 09:58:00 2018,37.93,88,2.62,0
319,bosobolo,CD,4.19,19.88,Wed Jun 13 09:58:01 2018,84.19,70,6.42,20
320,villarrobledo,ES,39.27,-2.6,Wed Jun 13 09:58:02 2018,76.99,28,12.01,0
321,ribeira grande,PT,38.52,-28.7,Wed Jun 13 09:30:00 2018,75.2,83,11.41,40
322,shakawe,BW,-18.36,21.84,Wed Jun 13 09:58:05 2018,73.93,23,5.19,0
323,nemuro,JP,43.32,145.57,Wed Jun 13 09:58:06 2018,48.64,100,17.83,80
324,miramar,CR,10.09,-84.73,Wed Jun 13 09:00:00 2018,80.6,61,3.36,0
325,kerman,IR,30.29,57.06,Wed Jun 13 09:00:00 2018,91.4,5,13.87,20
326,davidson,US,35.5,-80.85,Wed Jun 13 10:00:00 2018,78.8,65,4.7,40
327,oksfjord,NO,70.24,22.35,Wed Jun 13 09:20:00 2018,46.4,65,10.29,40
328,wattegama,LK,7.35,80.68,Wed Jun 13 09:58:07 2018,71.41,97,5.75,92
329,inyonga,TZ,-6.72,32.06,Wed Jun 13 09:58:07 2018,79.42,32,3.18,0
330,saint george,GR,39.45,22.34,Wed Jun 13 09:20:00 2018,80.6,54,8.05,40
331,jabinyanah,TN,35.03,10.91,Wed Jun 13 09:00:00 2018,80.6,47,13.87,0
332,siddipet,IN,18.1,78.85,Wed Jun 13 09:58:08 2018,84.1,58,11.68,56
333,praia da vitoria,PT,38.73,-27.07,Wed Jun 13 09:00:00 2018,75.2,78,10.22,40
334,duluth,US,46.77,-92.13,Wed Jun 13 09:35:00 2018,73.4,46,8.05,1
335,oistins,BB,13.07,-59.53,Wed Jun 13 09:00:00 2018,86.0,66,25.28,20
336,san onofre,CO,9.74,-75.52,Wed Jun 13 09:58:15 2018,86.44,93,5.3,0
337,avera,US,33.19,-82.53,Wed Jun 13 09:35:00 2018,78.8,83,3.74,90
338,alizai,PK,33.94,71.55,Wed Jun 13 09:58:16 2018,89.77,30,3.29,0
339,bela,PK,26.23,66.31,Wed Jun 13 09:58:16 2018,93.37,29,10.33,36
340,kalas,PK,33.49,72.96,Wed Jun 13 09:30:00 2018,98.6,25,4.97,0
341,gisborne,NZ,-38.66,178.02,Wed Jun 13 09:58:18 2018,52.6,86,10.67,12
342,yuryevets,RU,57.32,43.11,Wed Jun 13 09:58:18 2018,60.7,69,15.03,24
343,bundaberg,AU,-24.87,152.35,Wed Jun 13 09:58:18 2018,64.66,100,12.01,88
344,griffith,AU,-34.29,146.06,Wed Jun 13 09:58:19 2018,50.62,90,8.88,80
345,raudeberg,NO,61.99,5.14,Wed Jun 13 09:20:00 2018,60.8,71,11.41,75
346,rio gallegos,AR,-51.62,-69.22,Wed Jun 13 09:00:00 2018,33.8,86,5.82,20
347,antalaha,MG,-14.9,50.28,Wed Jun 13 09:58:20 2018,75.01,85,14.14,88
348,houma,CN,35.63,111.36,Wed Jun 13 09:58:20 2018,62.32,58,2.51,0
349,verkhoyansk,RU,67.55,133.39,Wed Jun 13 09:58:20 2018,56.29,63,2.62,0
350,donskoye,RU,45.45,41.98,Wed Jun 13 09:00:00 2018,80.6,30,6.71,0
351,mogadishu,SO,2.04,45.34,Wed Jun 13 09:56:42 2018,78.25,100,22.08,64
352,lewistown,US,40.39,-90.15,Wed Jun 13 09:35:00 2018,78.8,53,12.75,1
353,leningradskiy,RU,69.38,178.42,Wed Jun 13 09:58:21 2018,33.79,88,21.74,0
354,airai,TL,-8.93,125.41,Wed Jun 13 09:58:23 2018,68.98,93,1.72,76
355,nantucket,US,41.28,-70.1,Wed Jun 13 09:35:00 2018,69.8,77,17.22,90
356,mount gambier,AU,-37.83,140.78,Wed Jun 13 09:58:26 2018,49.72,81,6.87,92
357,katobu,ID,-4.94,122.53,Wed Jun 13 09:58:26 2018,77.98,100,2.62,24
358,baiyin,CN,36.55,104.13,Wed Jun 13 09:00:00 2018,60.8,31,4.47,0
359,jumla,NP,29.28,82.18,Wed Jun 13 09:58:27 2018,37.75,95,2.51,88
360,voh,NC,-20.95,164.69,Wed Jun 13 09:58:27 2018,71.59,100,14.81,8
361,kamaishi,JP,39.28,141.86,Wed Jun 13 09:58:27 2018,53.95,78,12.8,0
362,jurm,AF,36.86,70.83,Wed Jun 13 09:58:28 2018,40.09,100,1.61,56
363,la ronge,CA,55.1,-105.3,Wed Jun 13 09:00:00 2018,53.6,76,8.05,75
364,paragominas,BR,-3.0,-47.35,Wed Jun 13 09:58:28 2018,91.93,56,5.41,20
365,fairbanks,US,64.84,-147.72,Wed Jun 13 08:58:00 2018,42.8,75,3.36,1
366,poum,MK,41.28,20.71,Wed Jun 13 09:30:00 2018,78.8,47,8.05,40
367,boyle,IE,53.97,-8.3,Wed Jun 13 09:00:00 2018,55.4,100,18.34,75
368,klaksvik,FO,62.23,-6.59,Wed Jun 13 09:20:00 2018,48.2,93,19.46,92
369,aleksandro-nevskiy,RU,53.48,40.21,Wed Jun 13 09:58:30 2018,74.2,49,9.78,0
370,graham,US,36.07,-79.4,Wed Jun 13 09:54:00 2018,75.2,78,9.17,75
371,paraiso,MX,24.01,-104.61,Wed Jun 13 08:44:00 2018,66.2,68,3.36,75
372,nishihara,JP,35.74,139.53,Wed Jun 13 09:00:00 2018,69.8,68,3.36,75
373,charyshskoye,RU,51.4,83.56,Wed Jun 13 09:58:31 2018,69.7,37,3.4,8
374,struer,DK,56.48,8.6,Wed Jun 13 09:20:00 2018,60.8,63,17.22,8
375,hualmay,PE,-11.1,-77.61,Wed Jun 13 09:58:31 2018,65.02,77,3.62,12
376,ystad,SE,55.43,13.82,Wed Jun 13 09:20:00 2018,68.0,60,13.87,75
377,buin,CL,-33.73,-70.74,Wed Jun 13 10:00:00 2018,46.4,65,3.36,0
378,gamboma,CG,-1.87,15.88,Wed Jun 13 09:58:36 2018,87.34,64,6.53,0
379,bristol,GB,51.45,-2.6,Wed Jun 13 09:20:00 2018,68.0,77,10.29,75
380,imbituba,BR,-28.24,-48.67,Wed Jun 13 09:00:00 2018,69.8,64,3.36,40
381,comrie,GB,56.09,-3.58,Wed Jun 13 09:20:00 2018,60.8,72,14.99,40
382,esil,KZ,51.96,66.41,Wed Jun 13 09:58:37 2018,60.25,50,7.65,0
383,lompoc,US,34.64,-120.46,Wed Jun 13 09:35:00 2018,62.6,63,2.51,1
384,coihaique,CL,-45.58,-72.07,Wed Jun 13 09:00:00 2018,33.8,85,2.24,80
385,hamilton,BM,32.3,-64.78,Wed Jun 13 08:55:00 2018,77.0,73,10.29,40
386,hasaki,JP,35.73,140.83,Wed Jun 13 09:00:00 2018,64.4,93,3.36,75
387,kajaani,FI,64.22,27.73,Wed Jun 13 09:20:00 2018,53.6,52,4.7,0
388,tupik,RU,54.43,119.94,Wed Jun 13 09:58:40 2018,51.25,63,4.63,0
389,kloulklubed,PW,7.04,134.26,Wed Jun 13 08:55:00 2018,82.4,83,9.17,90
390,kieta,PG,-6.22,155.63,Wed Jun 13 09:58:40 2018,76.81,100,2.73,32
391,maldonado,UY,-34.91,-54.96,Wed Jun 13 09:00:00 2018,51.8,76,19.46,75
392,smithers,CA,54.78,-127.17,Wed Jun 13 09:00:00 2018,48.2,81,2.62,75
393,mareeba,AU,-16.99,145.42,Wed Jun 13 09:00:00 2018,60.8,93,3.4,0
394,kaputa,ZM,-8.47,29.66,Wed Jun 13 09:58:41 2018,78.88,29,3.62,0
395,lira,UG,2.25,32.9,Wed Jun 13 09:58:41 2018,82.39,45,8.21,68
396,constitucion,MX,23.99,-104.67,Wed Jun 13 08:44:00 2018,66.2,68,3.36,75
397,ternate,PH,14.29,120.72,Wed Jun 13 09:00:00 2018,77.0,100,10.29,90
398,haines junction,CA,60.75,-137.51,Wed Jun 13 09:58:46 2018,42.79,52,2.62,68
399,zagora,HR,46.19,15.87,Wed Jun 13 09:30:00 2018,71.6,73,2.24,75
400,zhongxing,CN,32.02,116.14,Wed Jun 13 09:58:47 2018,74.29,69,7.99,8
401,snezhnogorsk,RU,69.19,33.23,Wed Jun 13 09:30:00 2018,42.8,70,2.24,75
402,sola,FI,62.78,29.36,Wed Jun 13 09:20:00 2018,50.0,76,10.29,75
403,sioux lookout,CA,50.1,-91.92,Wed Jun 13 09:00:00 2018,66.2,59,4.7,20
404,sur,OM,22.57,59.53,Wed Jun 13 09:58:50 2018,89.32,82,4.85,0
405,utete,TZ,-7.99,38.76,Wed Jun 13 09:58:51 2018,81.76,51,6.08,12
406,saint-joseph,FR,43.56,6.97,Wed Jun 13 09:30:00 2018,71.6,60,4.7,75
407,sadao,TH,6.63,100.42,Wed Jun 13 09:00:00 2018,82.4,83,2.24,75
408,petropavlovsk-kamchatskiy,RU,53.05,158.65,Wed Jun 13 09:00:00 2018,41.0,86,2.24,90
409,vestmanna,FO,62.16,-7.17,Wed Jun 13 09:20:00 2018,48.2,93,19.46,92
410,chifeng,CN,42.27,118.96,Wed Jun 13 09:58:56 2018,52.42,90,0.72,8
411,grants pass,US,42.44,-123.33,Wed Jun 13 08:56:00 2018,59.0,50,2.62,90
412,lampazos de naranjo,MX,27.02,-100.51,Wed Jun 13 09:58:56 2018,82.93,57,6.76,0
413,salym,RU,60.06,71.48,Wed Jun 13 09:58:56 2018,60.61,51,5.08,48
414,verkh-chebula,RU,56.03,87.61,Wed Jun 13 09:58:56 2018,67.36,75,2.73,0
415,tsiroanomandidy,MG,-18.77,46.05,Wed Jun 13 09:58:57 2018,71.86,36,4.97,64
416,lagoa,PT,37.14,-8.45,Wed Jun 13 09:30:00 2018,71.6,56,10.29,20
417,les cayes,HT,18.19,-73.75,Wed Jun 13 09:58:58 2018,82.93,92,22.41,88
418,mackay,CA,53.65,-115.58,Wed Jun 13 09:00:00 2018,50.0,81,3.36,75
419,treuchtlingen,DE,48.96,10.91,Wed Jun 13 09:20:00 2018,60.8,67,8.05,75
420,witney,GB,51.78,-1.49,Wed Jun 13 09:20:00 2018,69.8,56,16.11,40
421,tabou,CI,4.42,-7.36,Wed Jun 13 09:58:58 2018,80.86,100,9.78,0
422,koson,UZ,39.04,65.59,Wed Jun 13 09:00:00 2018,89.6,19,9.17,0
423,burewala,PK,30.16,72.68,Wed Jun 13 09:58:59 2018,95.62,34,7.2,0
424,aksum,ET,14.12,38.72,Wed Jun 13 09:58:59 2018,61.15,94,3.4,80
425,iquitos,PE,-3.75,-73.25,Wed Jun 13 09:00:00 2018,84.2,74,4.7,20
426,bealanana,MG,-14.54,48.75,Wed Jun 13 09:59:01 2018,69.07,53,6.98,20
427,linqiong,CN,30.42,103.46,Wed Jun 13 09:00:00 2018,75.2,83,6.71,92
428,bonaventure,CA,48.04,-65.49,Wed Jun 13 09:00:00 2018,66.2,32,8.05,75
429,ostrovnoy,RU,68.05,39.51,Wed Jun 13 09:59:06 2018,36.58,82,18.28,92
430,narsaq,GL,60.91,-46.05,Wed Jun 13 09:50:00 2018,55.4,43,9.17,40
431,richards bay,ZA,-28.77,32.06,Wed Jun 13 09:59:07 2018,68.53,75,1.72,0
432,antofagasta,CL,-23.65,-70.4,Wed Jun 13 09:00:00 2018,57.2,67,8.05,40
433,yeniseysk,RU,58.45,92.17,Wed Jun 13 09:59:07 2018,63.49,71,2.84,8
434,taguatinga,BR,-15.83,-48.06,Wed Jun 13 09:00:00 2018,78.8,36,5.82,20
435,port-gentil,GA,-0.72,8.78,Wed Jun 13 09:00:00 2018,82.4,78,16.11,20
436,yulara,AU,-25.24,130.99,Wed Jun 13 09:00:00 2018,41.0,56,4.7,0
437,adrar,DZ,27.87,-0.29,Wed Jun 13 09:00:00 2018,109.4,12,11.41,0
438,samur,RU,41.83,48.49,Wed Jun 13 09:59:09 2018,71.23,84,13.13,0
439,chicla,PE,-11.71,-76.27,Wed Jun 13 09:59:10 2018,43.69,74,2.39,20
440,tombouctou,ML,16.77,-3.01,Wed Jun 13 09:59:10 2018,110.65,18,4.74,24
441,pyaozerskiy,RU,65.83,31.17,Wed Jun 13 09:59:10 2018,49.0,57,3.96,48
442,vagur,FO,61.47,-6.81,Wed Jun 13 09:59:10 2018,49.63,97,27.89,92
443,yar-sale,RU,66.83,70.83,Wed Jun 13 09:59:11 2018,36.22,89,14.81,76
444,ust-nera,RU,64.57,143.24,Wed Jun 13 09:59:11 2018,46.93,65,1.72,48
445,solnechnyy,RU,50.72,136.64,Wed Jun 13 09:59:11 2018,51.52,78,4.18,0
446,san patricio,PY,-26.98,-56.83,Wed Jun 13 09:59:11 2018,51.79,74,4.63,0
447,angoram,PG,-4.06,144.07,Wed Jun 13 09:59:15 2018,74.47,100,1.95,88
448,champerico,MX,16.38,-93.6,Wed Jun 13 08:41:00 2018,71.6,94,2.62,90
449,san policarpo,PH,12.18,125.51,Wed Jun 13 09:59:16 2018,78.43,100,7.76,80
450,port-cartier,CA,50.03,-66.88,Wed Jun 13 09:00:00 2018,55.4,47,16.11,40
451,tateyama,JP,36.66,137.31,Wed Jun 13 09:59:16 2018,49.45,100,1.95,12
452,mandalgovi,MN,45.76,106.27,Wed Jun 13 09:59:16 2018,62.59,35,6.64,8
453,bartica,GY,6.41,-58.62,Wed Jun 13 09:00:00 2018,82.4,78,9.17,75
454,bathsheba,BB,13.22,-59.52,Wed Jun 13 09:00:00 2018,86.0,66,25.28,20
455,bueu,ES,42.33,-8.79,Wed Jun 13 09:30:00 2018,71.6,53,16.11,0
456,chaltyr,RU,47.28,39.48,Wed Jun 13 09:59:17 2018,87.43,21,3.74,0
457,prince rupert,CA,54.32,-130.32,Wed Jun 13 09:00:00 2018,53.6,93,6.93,90
458,plouzane,FR,48.38,-4.62,Wed Jun 13 09:30:00 2018,66.2,63,8.05,90
459,belaya gora,RU,68.54,146.19,Wed Jun 13 09:59:18 2018,62.77,35,4.07,36
460,tongren,CN,27.72,109.18,Wed Jun 13 09:59:18 2018,67.9,85,1.95,12
461,narsimhapur,IN,17.14,74.26,Wed Jun 13 09:59:18 2018,76.0,78,9.22,88
462,sao joao da barra,BR,-21.64,-41.05,Wed Jun 13 09:00:00 2018,87.8,43,5.82,0
463,mamakan,RU,57.82,114.02,Wed Jun 13 09:59:19 2018,51.7,83,2.06,32
464,inirida,CO,3.87,-67.92,Wed Jun 13 09:59:19 2018,80.32,84,2.95,80
465,payo,ID,-3.75,103.64,Wed Jun 13 09:59:19 2018,77.98,84,4.74,56
466,san carlos de bariloche,AR,-41.13,-71.31,Wed Jun 13 09:00:00 2018,26.6,86,10.29,75
467,piacabucu,BR,-10.41,-36.43,Wed Jun 13 09:59:20 2018,84.37,57,15.48,44
468,auki,NG,12.18,6.51,Wed Jun 13 09:59:20 2018,94.81,55,1.61,44
469,ambon,FR,47.55,-2.56,Wed Jun 13 09:30:00 2018,69.8,64,8.05,90
470,bilibino,RU,68.06,166.44,Wed Jun 13 09:59:20 2018,52.33,60,1.95,0
471,jiangyou,CN,31.78,104.73,Wed Jun 13 09:59:21 2018,73.3,64,4.18,92
472,ambilobe,MG,-13.19,49.05,Wed Jun 13 09:59:21 2018,80.95,44,13.8,8
473,shebunino,RU,57.66,40.04,Wed Jun 13 09:59:21 2018,59.98,69,14.14,0
474,broome,GB,52.47,1.45,Wed Jun 13 09:20:00 2018,71.6,52,11.41,20
475,biedenkopf,DE,50.92,8.53,Wed Jun 13 09:20:00 2018,59.0,71,6.93,75
476,aquiraz,BR,-3.9,-38.39,Wed Jun 13 10:00:00 2018,87.8,52,19.46,20
477,karangasem,ID,-6.7,108.49,Wed Jun 13 09:59:23 2018,81.4,100,15.7,20
478,boca do acre,BR,-8.76,-67.39,Wed Jun 13 09:59:23 2018,83.56,77,2.84,76
479,la antigua,CO,6.72,-76.08,Wed Jun 13 09:59:24 2018,68.35,94,1.5,48
480,sibolga,ID,1.74,98.78,Wed Jun 13 09:59:24 2018,74.56,94,1.95,76
481,glebychevo,RU,60.44,28.72,Wed Jun 13 09:59:24 2018,60.79,46,4.63,68
482,campos altos,BR,-19.7,-46.17,Wed Jun 13 09:59:24 2018,79.69,62,6.42,0
483,santiago del estero,AR,-27.8,-64.26,Wed Jun 13 09:59:25 2018,52.33,49,6.2,0
484,banff,CA,51.18,-115.57,Wed Jun 13 09:59:25 2018,48.01,36,2.17,24
485,santa helena,BR,-2.23,-45.3,Wed Jun 13 09:59:25 2018,88.51,71,6.53,36
486,lewiston,US,46.42,-117.02,Wed Jun 13 08:56:00 2018,64.4,55,4.7,1
487,bouna,CI,9.27,-3.0,Wed Jun 13 09:59:27 2018,89.86,78,4.18,0
488,upington,ZA,-28.46,21.24,Wed Jun 13 09:00:00 2018,69.8,19,5.82,0
489,acaponeta,MX,22.49,-105.36,Wed Jun 13 09:59:27 2018,77.35,100,4.29,68
490,orito,CO,0.67,-76.88,Wed Jun 13 09:59:27 2018,70.42,97,2.73,88
491,vao,EE,59.1,26.19,Wed Jun 13 09:59:27 2018,62.95,45,5.41,0
492,nkhotakota,MW,-12.93,34.3,Wed Jun 13 09:59:28 2018,70.69,74,6.08,0
493,boyuibe,BO,-20.43,-63.28,Wed Jun 13 09:00:00 2018,55.4,47,5.82,90
494,necochea,AR,-38.55,-58.74,Wed Jun 13 09:59:33 2018,50.26,81,14.03,80
495,paitan,CN,23.49,113.78,Wed Jun 13 09:00:00 2018,77.0,78,11.18,0
496,claresholm,CA,50.02,-113.58,Wed Jun 13 09:00:00 2018,60.8,31,23.04,1
497,sabha,LY,27.03,14.43,Wed Jun 13 09:59:35 2018,112.45,10,9.66,24
498,northam,GB,51.04,-4.21,Wed Jun 13 09:20:00 2018,66.2,77,12.75,40
499,sarakhs,TM,36.54,61.16,Wed Jun 13 09:00:00 2018,82.4,37,6.93,80
500,moroni,US,39.52,-111.59,Wed Jun 13 09:59:37 2018,70.69,19,3.06,0
501,nisia floresta,BR,-6.09,-35.21,Wed Jun 13 10:00:00 2018,86.0,51,24.16,75
502,yantarnyy,RU,54.87,19.94,Wed Jun 13 09:30:00 2018,64.4,72,6.71,20
503,banjar,ID,-7.37,108.54,Wed Jun 13 09:59:42 2018,71.5,88,3.62,12
504,khandyga,RU,62.65,135.58,Wed Jun 13 09:59:43 2018,54.85,47,6.2,48
505,heinola,FI,61.2,26.03,Wed Jun 13 09:20:00 2018,62.6,33,3.36,0
506,sept-iles,CA,50.2,-66.38,Wed Jun 13 09:00:00 2018,55.4,47,16.11,40
507,yenagoa,NG,4.92,6.26,Wed Jun 13 09:59:44 2018,81.94,80,11.01,92
508,pontianak,ID,-0.02,109.34,Wed Jun 13 09:59:45 2018,77.89,99,3.4,44
509,okha,RU,53.59,142.95,Wed Jun 13 09:59:45 2018,40.09,90,10.78,80
510,bismarck,US,46.81,-100.78,Wed Jun 13 09:55:00 2018,71.6,30,12.75,1
511,dunedin,NZ,-45.87,170.5,Wed Jun 13 09:57:14 2018,43.33,100,2.95,92
512,dabakala,CI,8.36,-4.43,Wed Jun 13 09:59:47 2018,88.78,74,4.52,24
513,pitelino,RU,54.58,41.81,Wed Jun 13 09:59:49 2018,69.7,66,11.23,64
514,egvekinot,RU,66.32,-179.17,Wed Jun 13 09:59:52 2018,37.3,71,2.51,0
515,melo,UY,-32.37,-54.17,Wed Jun 13 09:59:52 2018,50.08,78,22.08,56
516,mbeya,TZ,-8.91,33.47,Wed Jun 13 09:59:53 2018,71.05,40,3.85,0
517,kochi,IN,9.96,76.25,Wed Jun 13 09:30:00 2018,77.0,94,2.24,90
518,notse,TG,6.95,1.17,Wed Jun 13 09:59:54 2018,86.62,76,8.77,56
519,amuntai,ID,-2.42,115.25,Wed Jun 13 09:59:56 2018,77.17,88,2.17,36
520,san juan,PH,14.6,121.03,Wed Jun 13 09:00:00 2018,77.0,100,10.29,90
521,rocha,UY,-34.48,-54.34,Wed Jun 13 09:59:57 2018,49.99,93,21.18,56
522,elizabeth city,US,36.3,-76.22,Wed Jun 13 09:44:00 2018,78.8,83,12.75,90
523,narathiwat,TH,6.43,101.8,Wed Jun 13 09:00:00 2018,82.4,83,4.7,75
524,acari,BR,-6.44,-36.64,Wed Jun 13 09:59:59 2018,84.1,48,15.26,0
525,puerto carreno,CO,6.19,-67.49,Wed Jun 13 09:00:00 2018,84.2,74,3.36,40
526,troitskiy,RU,45.15,38.14,Wed Jun 13 09:30:00 2018,82.4,48,6.71,0
527,dhidhdhoo,MV,6.88,73.1,Wed Jun 13 10:00:05 2018,82.39,100,12.24,88
528,santa fe,AR,-31.62,-60.7,Wed Jun 13 10:00:42 2018,47.47,84,10.45,12
529,kuytun,RU,54.34,101.51,Wed Jun 13 10:00:10 2018,64.3,73,2.62,20
530,evans,US,40.38,-104.69,Wed Jun 13 09:35:00 2018,78.8,41,3.36,1
531,sokoni,CD,-12.89,28.78,Wed Jun 13 10:00:46 2018,74.56,37,4.07,0
532,sovetskiy,RU,56.76,48.47,Wed Jun 13 10:00:19 2018,61.33,85,14.03,76
533,pagudpud,PH,18.56,120.79,Wed Jun 13 09:00:00 2018,77.0,100,13.87,90
534,southbridge,US,42.08,-72.03,Wed Jun 13 09:24:00 2018,69.8,82,19.46,90
535,brazzaville,CD,-4.27,15.27,Wed Jun 13 09:00:00 2018,86.0,55,5.82,8
536,tutoia,BR,-2.76,-42.27,Wed Jun 13 09:00:00 2018,91.4,52,8.05,40
537,harlingen,US,26.19,-97.7,Wed Jun 13 09:15:00 2018,89.6,62,10.29,75
538,calamar,CO,1.96,-72.65,Wed Jun 13 10:00:29 2018,70.87,100,2.95,92
539,road town,VG,18.42,-64.62,Wed Jun 13 10:00:00 2018,87.8,66,12.75,40
540,tabas,IR,33.6,56.92,Wed Jun 13 10:00:30 2018,94.27,11,6.98,36
541,shieli,KZ,44.18,66.74,Wed Jun 13 10:00:30 2018,67.27,41,14.81,88
542,scalea,IT,39.82,15.79,Wed Jun 13 10:00:31 2018,70.06,100,5.3,36
543,san andres,PH,13.32,122.68,Wed Jun 13 10:00:32 2018,83.47,100,22.64,68
544,muisne,EC,0.61,-80.02,Wed Jun 13 10:00:33 2018,76.9,84,4.63,92
545,ati,TD,13.21,18.34,Wed Jun 13 10:00:33 2018,104.53,25,4.97,20
546,san luis,AR,-33.3,-66.34,Wed Jun 13 09:57:52 2018,42.43,53,2.62,0
